3,Sun Broadband,murthy@sunbroadband.in,9329771384,6488.82,Basic Plan Renewal,https://go.swipez.in/1f3n
5,Rapidnet Broadband,sunrisestarservices.ak@gmail.com,9890991589,6488.82,Basic Plan Renewal,https://go.swipez.in/1f3R
6,GoodWill Digital Network,goodwilldigitalnetworks@gmail.com,8180060606,6488.82,Basic Plan Renewal,https://go.swipez.in/1f3V
7,IAIRONET COMMUNICATIONS PVT LTD,neeraj@aironet.co.in,9028881366,6488.82,Basic Plan Renewal,https://go.swipez.in/1f44
8,Shree Sai Cable,shreesaicable.otur@gmail.com,9960007310,6488.82,Basic Plan Renewal,https://go.swipez.in/1f46
9,Samruddhi Communication Pvt Ltd,samruddhicommunicationspvtltd@gmail.com,9665539080,6488.82,Basic Plan Renewal,https://go.swipez.in/1f4c
10,EXCEL ENTERPRISES,umeshggolande@gmail.com,9422036757,6488.82,Basic Plan Renewal,https://go.swipez.in/1f4g

11,Radhika Communication,radhikacommunication7773@gmail.com,9595143141,3538.82,Website Builder Renewal,https://go.swipez.in/1f4k,rcbroadband.com
12,Rapidnet Broadband,sunrisestarservices.ak@gmail.com,9890991589,3538.82,Website Builder Renewal,https://go.swipez.in/1f4p,rapidnetbroadband.net
13,Shree Sai Cable,shreesaicable.otur@gmail.com,9960007310,3538.82,Website Builder Renewal,https://go.swipez.in/1f4q,saicable.in
14,Samruddhi Communication Pvt Ltd,samruddhicommunicationspvtltd@gmail.com,9665539080,3538.82,Website Builder Renewal,https://go.swipez.in/1f4r,samruddhicommunication.co.in
15,Media World,mediaworldbroadband@gmail.com,9923123477,3538.82,Website Builder Renewal,https://go.swipez.in/1f4v,porwalroadinternet.com
